key,title,year,month,day,journal,issn,volume,issue,pages,authors,url,language,publisher,location,abstract,notes,doi,keywords,pubmed_id,pmc_id
rayyan-417650143,Urban Ecology | Smithsonian's National Zoo,,1,1,,,,,,,,,,,,"RAYYAN-INCLUSION: {""Kayleigh""=>""Excluded"", ""Corey""=>""Excluded""} | RAYYAN-LABELS: bird | RAYYAN-EXCLUSION-REASONS: no outcome,not forest",,"",,
rayyan-417650144,Students Join Scientists to Explore Bird Habitat,,1,1,,,,,,,,,,,,"RAYYAN-INCLUSION: {""Kayleigh""=>""Excluded"", ""Corey""=>""Excluded""} | RAYYAN-LABELS: bird | RAYYAN-EXCLUSION-REASONS: not urban,no outcome",,"",,
rayyan-417650145,About Neighborhood Nestwatch | Smithsonian's National Zoo,,1,1,,,,,,,,,,,,"RAYYAN-INCLUSION: {""Kayleigh""=>""Excluded"", ""Corey""=>""Excluded""} | RAYYAN-LABELS: bird | RAYYAN-EXCLUSION-REASONS: no outcome,not bird success",,"",,
rayyan-417650146,Singing in the City or Country: How Urbanization Affects the ...,,1,1,,,,,,,,,,,,"RAYYAN-INCLUSION: {""Kayleigh""=>""Excluded"", ""Corey""=>""Excluded""} | RAYYAN-LABELS: bird | RAYYAN-EXCLUSION-REASONS: no outcome,not bird success",,"",,
rayyan-417650147,7 Simple Actions to Live Bird Friendly,,1,1,,,,,,,,,,,,"RAYYAN-INCLUSION: {""Kayleigh""=>""Excluded"", ""Corey""=>""Excluded""} | RAYYAN-LABELS: bird | RAYYAN-EXCLUSION-REASONS: no outcome",,"",,
rayyan-417650148,Neighborhood Nestwatch Publications,,1,1,,,,,,,,,,,,"RAYYAN-INCLUSION: {""Kayleigh""=>""Excluded"", ""Corey""=>""Excluded""} | RAYYAN-LABELS: bird | RAYYAN-EXCLUSION-REASONS: no outcome",,"",,
rayyan-417650149,The Suburban Bird | Smithsonian's National Zoo,,1,1,,,,,,,,,,,,"RAYYAN-INCLUSION: {""Kayleigh""=>""Excluded"", ""Corey""=>""Excluded""} | RAYYAN-LABELS: bird | RAYYAN-EXCLUSION-REASONS: no outcome,not forest management",,Suburban Population,,
rayyan-417650150,Shorebird Science and Conservation Collective,,1,1,,,,,,,,,,,,"RAYYAN-INCLUSION: {""Kayleigh""=>""Excluded"", ""Corey""=>""Excluded""} | RAYYAN-LABELS: bird | RAYYAN-EXCLUSION-REASONS: not urban,no outcome",,"",,
rayyan-417650151,Tracking Catbirds with Conservation Technology,,1,1,,,,,,,,,,,,"RAYYAN-INCLUSION: {""Kayleigh""=>""Excluded"", ""Corey""=>""Excluded""} | RAYYAN-LABELS: bird | RAYYAN-EXCLUSION-REASONS: not urban,wrong intervention",,"",,
rayyan-417650152,Bird Social Networks | Smithsonian's National Zoo,,1,1,,,,,,,,,,,,"RAYYAN-INCLUSION: {""Kayleigh""=>""Excluded"", ""Corey""=>""Excluded""} | RAYYAN-LABELS: bird | RAYYAN-EXCLUSION-REASONS: not urban,no outcome",,Social Support,,
rayyan-417650153,Bird Friendly City: A Certification Program - Nature Canada,,1,1,,,,,,,,,,,,"RAYYAN-INCLUSION: {""Kayleigh""=>""Excluded""} | RAYYAN-LABELS: bird | RAYYAN-EXCLUSION-REASONS: not primary",,Canada,,
rayyan-417650154,Nature Canada certifies Canada's first Bird Friendly Cities,,1,1,,,,,,,,,,,,"RAYYAN-INCLUSION: {""Kayleigh""=>""Excluded""} | RAYYAN-LABELS: bird | RAYYAN-EXCLUSION-REASONS: not primary",,Canada,,
rayyan-417650155,Bird Friendly City - Nature Canada,,1,1,,,,,,,,,,,,"RAYYAN-INCLUSION: {""Kayleigh""=>""Excluded""} | RAYYAN-LABELS: bird,supplement",,Canada,,
rayyan-417650156,Burlington earns Nature Canada's “Bird Friendly City ...,,1,1,,,,,,,,,,,,"RAYYAN-INCLUSION: {""Kayleigh""=>""Excluded""} | RAYYAN-LABELS: bird | RAYYAN-EXCLUSION-REASONS: not primary",,Canada,,
rayyan-417650157,Save our birds - Nature Canada,,1,1,,,,,,,,,,,,"RAYYAN-INCLUSION: {""Kayleigh""=>""Excluded""} | RAYYAN-LABELS: bird | RAYYAN-EXCLUSION-REASONS: not primary",,Canada,,
rayyan-417650158,Our Partners - Nature Canada,,1,1,,,,,,,,,,,,"RAYYAN-INCLUSION: {""Kayleigh""=>""Excluded""} | RAYYAN-LABELS: bird | RAYYAN-EXCLUSION-REASONS: not bird success",,Canada,,
rayyan-417650159,Hamilton Earns Nature Canada's “Bird Friendly City ...,,1,1,,,,,,,,,,,,"RAYYAN-INCLUSION: {""Kayleigh""=>""Excluded""} | RAYYAN-LABELS: bird | RAYYAN-EXCLUSION-REASONS: not primary",,Canada,,
rayyan-417650160,NatureHood Regional Partners - Nature Canada,,1,1,,,,,,,,,,,,"RAYYAN-INCLUSION: {""Kayleigh""=>""Excluded""} | RAYYAN-LABELS: bird",,Canada,,
rayyan-417650161,Bird Conservation in Lac Seul and James Bay - Nature Canada,,1,1,,,,,,,,,,,,"RAYYAN-INCLUSION: {""Kayleigh""=>""Excluded""} | RAYYAN-LABELS: bird | RAYYAN-EXCLUSION-REASONS: not urban",,Canada,,
rayyan-417650162,Get To Know This Year's Featured World Migratory Bird Day ...,,1,1,,,,,,,,,,,,"RAYYAN-INCLUSION: {""Kayleigh""=>""Excluded""} | RAYYAN-LABELS: bird | RAYYAN-EXCLUSION-REASONS: not primary",,"",,
rayyan-417650313,Canada Warbler Full-life-cycle Conservation Action Plan,,1,1,,,,,,,,,,,,"RAYYAN-INCLUSION: {""Kayleigh""=>""Included""} | RAYYAN-LABELS: bird",,Canada,,
rayyan-417650314,Netherlands - Vogelbescherming Nederland (VBN),,1,1,,,,,,,,,,,,"RAYYAN-INCLUSION: {""Kayleigh""=>""Excluded""} | RAYYAN-LABELS: bird | RAYYAN-EXCLUSION-REASONS: not primary",,Netherlands,,
rayyan-417650315,"How to protect bird nests: if you love them, leave them alone",,1,1,,,,,,,,,,,,"RAYYAN-INCLUSION: {""Kayleigh""=>""Excluded""} | RAYYAN-LABELS: bird | RAYYAN-EXCLUSION-REASONS: not primary",,"",,
rayyan-417650316,New report reveals huge declines in Europe's birds,,1,1,,,,,,,,,,,,"RAYYAN-INCLUSION: {""Kayleigh""=>""Excluded""} | RAYYAN-LABELS: bird | RAYYAN-EXCLUSION-REASONS: not forest",,Europe,,
rayyan-417650317,Here's how 7 iconic migratory bird species spent the spring ...,,1,1,,,,,,,,,,,,"RAYYAN-INCLUSION: {""Kayleigh""=>""Excluded""} | RAYYAN-LABELS: bird | RAYYAN-EXCLUSION-REASONS: no outcome",,"",,
rayyan-417650318,amazon - ablaze - BirdLife International,,1,1,,,,,,,,,,,,"RAYYAN-INCLUSION: {""Kayleigh""=>""Excluded""} | RAYYAN-LABELS: bird | RAYYAN-EXCLUSION-REASONS: not urban",,"",,
rayyan-417650319,New BirdLife report: 1 in 5 bird species in Europe is ...,,1,1,,,,,,,,,,,,"RAYYAN-INCLUSION: {""Kayleigh""=>""Excluded""} | RAYYAN-LABELS: bird | RAYYAN-EXCLUSION-REASONS: not urban",,Europe,,
rayyan-417650320,Polluted bog or wildlife haven? Tunisian conservationists ...,,1,1,,,,,,,,,,,,"RAYYAN-INCLUSION: {""Kayleigh""=>""Excluded""} | RAYYAN-LABELS: bird | RAYYAN-EXCLUSION-REASONS: not primary",,"",,
rayyan-417650321,Can birdwatching really improve our mental health? The ...,,1,1,,,,,,,,,,,,"RAYYAN-INCLUSION: {""Kayleigh""=>""Excluded""} | RAYYAN-LABELS: bird | RAYYAN-EXCLUSION-REASONS: no outcome",,"",,
rayyan-417651172,Bird City Network - American Bird Conservancy,,1,1,,,,,,,,,,,,"RAYYAN-INCLUSION: {""Kayleigh""=>""Excluded""} | RAYYAN-LABELS: bird | RAYYAN-EXCLUSION-REASONS: not primary",,"",,
rayyan-417651173,Can Urban Conservation Save the São Paulo Marsh Antwren?,,1,1,,,,,,,,,,,,"RAYYAN-INCLUSION: {""Kayleigh""=>""Excluded""} | RAYYAN-LABELS: bird | RAYYAN-EXCLUSION-REASONS: not temperate",,"",,
rayyan-417651174,This Art Project Could Help Make Cities More Habitable for Birds,,1,1,,,,,,,,,,,,"RAYYAN-INCLUSION: {""Kayleigh""=>""Excluded""} | RAYYAN-LABELS: bird | RAYYAN-EXCLUSION-REASONS: not primary",,"",,
rayyan-417651175,BIRDCONSERVATION - American Bird Conservancy,,1,1,,,,,,,,,,,,"RAYYAN-INCLUSION: {""Kayleigh""=>""Excluded""} | RAYYAN-LABELS: bird | RAYYAN-EXCLUSION-REASONS: not primary",,"",,
rayyan-417651176,Bring Birds Back - National Audubon Society,,1,1,,,,,,,,,,,,"RAYYAN-INCLUSION: {""Kayleigh""=>""Excluded""} | RAYYAN-LABELS: bird | RAYYAN-EXCLUSION-REASONS: not primary",,"",,
rayyan-417651177,Bird Conservation Alliance,,1,1,,,,,,,,,,,,"RAYYAN-INCLUSION: {""Kayleigh""=>""Excluded""} | RAYYAN-LABELS: bird | RAYYAN-EXCLUSION-REASONS: not forest",,"",,
rayyan-417651178,Vancouver Bird Strategy,,1,1,,,,,,,,,,,,"RAYYAN-INCLUSION: {""Kayleigh""=>""Excluded""} | RAYYAN-LABELS: bird,supplement | RAYYAN-EXCLUSION-REASONS: not primary",,"",,
rayyan-417651179,Bird-Friendly Building Design,,1,1,,,,,,,,,,,,"RAYYAN-INCLUSION: {""Kayleigh""=>""Excluded""} | RAYYAN-LABELS: bird | RAYYAN-EXCLUSION-REASONS: not forest",,"",,
rayyan-417651180,Fellowship Projects - American Bird Conservancy,,1,1,,,,,,,,,,,,"RAYYAN-INCLUSION: {""Kayleigh""=>""Excluded""} | RAYYAN-LABELS: bird | RAYYAN-EXCLUSION-REASONS: not bird success",,Fellowships and Scholarships,,
rayyan-417651181,"For Birds, the Sky Isn't Just Empty Airspace. It's Habitat.",,1,1,,,,,,,,,,,,"RAYYAN-INCLUSION: {""Kayleigh""=>""Excluded""} | RAYYAN-LABELS: bird | RAYYAN-EXCLUSION-REASONS: not forest",,"",,
rayyan-417651932,How to Help - Celebrate Urban Birds,,1,1,,,,,,,,,,,,"RAYYAN-INCLUSION: {""Kayleigh""=>""Excluded""} | RAYYAN-LABELS: bird | RAYYAN-EXCLUSION-REASONS: not primary",,"",,
rayyan-417651933,What is CUBs? | Celebrate Urban Birds,,1,1,,,,,,,,,,,,"RAYYAN-INCLUSION: {""Kayleigh""=>""Excluded""} | RAYYAN-LABELS: bird | RAYYAN-EXCLUSION-REASONS: not primary",,"",,
rayyan-417651934,Books and Booklets | Celebrate Urban Birds,,1,1,,,,,,,,,,,,"RAYYAN-INCLUSION: {""Kayleigh""=>""Excluded""} | RAYYAN-LABELS: bird | RAYYAN-EXCLUSION-REASONS: not urban,not primary",,"",,
rayyan-417651935,Games | Celebrate Urban Birds,,1,1,,,,,,,,,,,,"RAYYAN-INCLUSION: {""Kayleigh""=>""Excluded""} | RAYYAN-LABELS: bird | RAYYAN-EXCLUSION-REASONS: not bird success",,"",,
rayyan-417651936,The Celebrate Urban Birds Kit,,1,1,,,,,,,,,,,,"RAYYAN-INCLUSION: {""Kayleigh""=>""Excluded""} | RAYYAN-LABELS: bird | RAYYAN-EXCLUSION-REASONS: not primary",,"",,
rayyan-417651937,Threats to Birds - Celebrate Urban Birds,,1,1,,,,,,,,,,,,"RAYYAN-INCLUSION: {""Kayleigh""=>""Excluded""} | RAYYAN-LABELS: bird | RAYYAN-EXCLUSION-REASONS: not forest",,"",,
rayyan-417651938,Birds… From My Window | Celebrate Urban Birds,,1,1,,,,,,,,,,,,"RAYYAN-INCLUSION: {""Kayleigh""=>""Excluded""} | RAYYAN-LABELS: bird | RAYYAN-EXCLUSION-REASONS: not bird success",,"",,
rayyan-417651939,Mini-grants | Celebrate Urban Birds,,1,1,,,,,,,,,,,,"RAYYAN-INCLUSION: {""Kayleigh""=>""Excluded""} | RAYYAN-LABELS: bird | RAYYAN-EXCLUSION-REASONS: not bird success",,"Financing, Organized",,
rayyan-417651940,Make Your Own Bird Feeder | Celebrate Urban Birds,,1,1,,,,,,,,,,,,"RAYYAN-INCLUSION: {""Kayleigh""=>""Excluded""} | RAYYAN-LABELS: bird | RAYYAN-EXCLUSION-REASONS: not forest",,"",,
rayyan-417651941,Blog Archive | Celebrate Urban Birds,,1,1,,,,,,,,,,,,"RAYYAN-INCLUSION: {""Kayleigh""=>""Excluded""} | RAYYAN-LABELS: bird | RAYYAN-EXCLUSION-REASONS: not bird success",,Blogging,,
rayyan-417652649,"To Get By in the Big City, Birds Need to Have a Large Brain or ...",,1,1,,,,,,,,,,,,"RAYYAN-INCLUSION: {""Kayleigh""=>""Excluded""} | RAYYAN-LABELS: bird | RAYYAN-EXCLUSION-REASONS: not forest",,Brain,,
rayyan-417652651,Bird-Friendly Communities - National Audubon Society,,1,1,,,,,,,,,,,,"RAYYAN-INCLUSION: {""Kayleigh""=>""Excluded""} | RAYYAN-LABELS: bird | RAYYAN-EXCLUSION-REASONS: not primary",,"",,
rayyan-417652652,Big-City Birding Is Hotter Than Ever - National Audubon Society,,1,1,,,,,,,,,,,,"RAYYAN-INCLUSION: {""Kayleigh""=>""Excluded""} | RAYYAN-LABELS: bird | RAYYAN-EXCLUSION-REASONS: not primary",,"",,
rayyan-417652653,Night Lights May Affect Urban Birds - National Audubon Society,,1,1,,,,,,,,,,,,"RAYYAN-INCLUSION: {""Kayleigh""=>""Excluded""} | RAYYAN-LABELS: bird | RAYYAN-EXCLUSION-REASONS: not forest",,"",,
rayyan-417652655,Check Out These Fantastic Photos of Birds in Urban Spaces,,1,1,,,,,,,,,,,,"RAYYAN-INCLUSION: {""Kayleigh""=>""Excluded""} | RAYYAN-LABELS: bird | RAYYAN-EXCLUSION-REASONS: not forest",,"",,
rayyan-417652656,Urban Birds Are Rising Earlier Because of Traffic Noise,,1,1,,,,,,,,,,,,"RAYYAN-INCLUSION: {""Kayleigh""=>""Excluded""} | RAYYAN-LABELS: bird | RAYYAN-EXCLUSION-REASONS: not forest",,"",,
rayyan-417652657,Are City Birds More Street Smart? - National Audubon Society,,1,1,,,,,,,,,,,,"RAYYAN-INCLUSION: {""Kayleigh""=>""Excluded""} | RAYYAN-LABELS: bird | RAYYAN-EXCLUSION-REASONS: not forest",,"",,
rayyan-417652658,Survival by Degrees: 389 Bird Species on the Brink | Audubon,,1,1,,,,,,,,,,,,"RAYYAN-INCLUSION: {""Kayleigh""=>""Excluded""} | RAYYAN-LABELS: bird | RAYYAN-EXCLUSION-REASONS: no outcome",,"",,
rayyan-417652660,History of Audubon and Science-based Bird Conservation,,1,1,,,,,,,,,,,,"RAYYAN-INCLUSION: {""Kayleigh""=>""Excluded""} | RAYYAN-LABELS: bird | RAYYAN-EXCLUSION-REASONS: not primary",,"",,
rayyan-417652760,"Singing Above the Urban Ruckus, If You're a Mockingbird",,1,1,,,,,,,,,,,,"RAYYAN-INCLUSION: {""Kayleigh""=>""Excluded""} | RAYYAN-LABELS: bird | RAYYAN-EXCLUSION-REASONS: not forest",,Singing,,
rayyan-417652761,Urban Living Leads to High Cholesterol... in Crows,,1,1,,,,,,,,,,,,"RAYYAN-INCLUSION: {""Kayleigh""=>""Excluded""} | RAYYAN-LABELS: bird | RAYYAN-EXCLUSION-REASONS: not forest",,"",,
rayyan-417652762,PROGRAM - American Ornithological Society,,1,1,,,,,,,,,,,,"RAYYAN-INCLUSION: {""Kayleigh""=>""Excluded""} | RAYYAN-LABELS: bird | RAYYAN-EXCLUSION-REASONS: not primary",,"",,
rayyan-417652763,2021 Schreiber Conservation Award Winner: Bird Ecology ...,,1,1,,,,,,,,,,,,"RAYYAN-INCLUSION: {""Kayleigh""=>""Excluded""} | RAYYAN-LABELS: bird | RAYYAN-EXCLUSION-REASONS: not primary",,"",,
rayyan-417652764,Ornithological Applications,,1,1,,,,,,,,,,,,"RAYYAN-INCLUSION: {""Kayleigh""=>""Excluded""} | RAYYAN-LABELS: bird | RAYYAN-EXCLUSION-REASONS: not forest",,"",,
rayyan-417652765,"Virtual Conference August 10-15, 2020 naocbirds.org ...",,1,1,,,,,,,,,,,,"RAYYAN-INCLUSION: {""Kayleigh""=>""Excluded""} | RAYYAN-LABELS: bird | RAYYAN-EXCLUSION-REASONS: not primary",,"",,
rayyan-417652766,Species Limits and Taxonomy in Birds,,1,1,,,,,,,,,,,,"RAYYAN-INCLUSION: {""Kayleigh""=>""Excluded""} | RAYYAN-LABELS: bird | RAYYAN-EXCLUSION-REASONS: not urban",,"",,
rayyan-417652767,Birds don't strongly impact broccoli damage or yields on ...,,1,1,,,,,,,,,,,,"RAYYAN-INCLUSION: {""Kayleigh""=>""Excluded""} | RAYYAN-LABELS: bird | RAYYAN-EXCLUSION-REASONS: not urban",,"",,
rayyan-417652768,Taking a Closer Look at Bird–Window Collisions,,1,1,,,,,,,,,,,,"RAYYAN-INCLUSION: {""Kayleigh""=>""Excluded""} | RAYYAN-LABELS: bird | RAYYAN-EXCLUSION-REASONS: not forest",,"",,
rayyan-417655973,Enhancing Canada’s Climate Change Ambitions with Natural Climate Solutions,,,,,,,,,"Smith, Risa B",,en,,,,"RAYYAN-INCLUSION: {""Kayleigh""=>""Excluded""} | RAYYAN-LABELS: bird | RAYYAN-EXCLUSION-REASONS: not urban",,Canada,,
rayyan-417655974,Urban Forest History: Urban Parks,,,,,,,,,"Park, Stanley and Park, High and Mont-Royal, Parc and Park, Battlefields and Park, Bowring and John’s, St",,en,,,,"RAYYAN-INCLUSION: {""Kayleigh""=>""Excluded""} | RAYYAN-LABELS: forest | RAYYAN-EXCLUSION-REASONS: no outcome",,Trees,,
rayyan-417655975,Brief to the House of Commons Standing Committee on Environment and Sustainable Development Disaster Mitigation and Insurance: The Role of Forests in Mitigating Extreme Weather Events,,,,,,,,,"Keen, Rob",,en,,,,"RAYYAN-INCLUSION: {""Kayleigh""=>""Excluded""} | RAYYAN-LABELS: forest | RAYYAN-EXCLUSION-REASONS: no outcome",,Disasters,,
rayyan-417655976,Framework for Aboriginal Capacity-Building,2010,,,,,,,,"",,en,,,,"RAYYAN-INCLUSION: {""Kayleigh""=>""Excluded""} | RAYYAN-LABELS: forest | RAYYAN-EXCLUSION-REASONS: no outcome",,"",,
rayyan-417655977,FSC Global Strategy 2021-2026,,,,,,,,,"",,en,,,,"RAYYAN-INCLUSION: {""Kayleigh""=>""Excluded""} | RAYYAN-LABELS: forest | RAYYAN-EXCLUSION-REASONS: not primary",,"",,
rayyan-417655978,This document was prepared for Tree Canada by:,,,,,,,,,"Roulet, Nigel T and Freedman, Bill",,en,,,,"RAYYAN-INCLUSION: {""Kayleigh""=>""Excluded""} | RAYYAN-LABELS: forest | RAYYAN-EXCLUSION-REASONS: no outcome",,Canada;Trees,,
rayyan-417655979,"Inventory of scientific publications on urban forestry published between 1800 and 2015: An analysis by period, topic and origin",2019,9,1,The Forestry Chronicle,"0015-7546, 1499-9315",95,2,91-100,"Larouche, Jacques and Rioux, Danny and Bardekjian, Adrina C. and Gélinas, Nancy",http://pubs.cif-ifc.org/doi/10.5558/tfc2019-016,en,,,,"RAYYAN-INCLUSION: {""Corey""=>""Excluded""} | RAYYAN-LABELS: forest | RAYYAN-EXCLUSION-REASONS: wrong outcome",10.5558/tfc2019-016,"",,
rayyan-417655980,MISSING THE FOREST: HOW CARBON LOOPHOLES FOR LOGGING HINDER CANADA'S CLIMATE LEADERSHIP,2023,1,18,,,,,,"",https://primarysources.brillonline.com/browse/climate-change-and-law-collection/missing-the-forest-how-carbon-loopholes-for-logging-hinder-canadas-climate-leadership;cccc002720210165,en,Koninklijke Brill NV,,,"RAYYAN-INCLUSION: {""Kayleigh""=>""Excluded""} | RAYYAN-LABELS: forest",,Canada;Trees,,
rayyan-417655981,"Prepared by Randy Dettmers USFWS, Region-5",,,,,,,,,"Rosenberg, Kenneth V",,en,,,,"RAYYAN-INCLUSION: {""Kayleigh""=>""Excluded""} | RAYYAN-LABELS: bird | RAYYAN-EXCLUSION-REASONS: not forest management",,"",,
rayyan-417655982,Benefits of Trees and Urban Forests - A Research List,2011,,,,,,,,"",,en,,,,"RAYYAN-INCLUSION: {""Kayleigh""=>""Excluded""} | RAYYAN-LABELS: forest | RAYYAN-EXCLUSION-REASONS: not primary",,Trees,,
rayyan-417655983,Upper Mississippi / Great Lakes Joint Venture Landbird Habitat Conservation Strategy – 2020 Revision,,,,,,,,,"VanBeek, Kelly and Fish, U S and Tonra, Chris",,en,,,,"RAYYAN-INCLUSION: {""Kayleigh""=>""Included""} | RAYYAN-LABELS: bird",,Mississippi,,
rayyan-417655984,Urban Forest Management Plan,,,,,,,,,"",,en,,,,"RAYYAN-INCLUSION: {""Kayleigh""=>""Excluded""} | RAYYAN-LABELS: forest | RAYYAN-EXCLUSION-REASONS: wrong outcome",,"",,
rayyan-417655985,Urban and Community Forestry,2015,,,,,,,,"",,en,,,,"RAYYAN-INCLUSION: {""Kayleigh""=>""Excluded""} | RAYYAN-LABELS: forest | RAYYAN-EXCLUSION-REASONS: not climate solution",,"",,
rayyan-417655986,The state of Canada's birds 2019,2019,,,,978-0-660-30229-4,,,,"",,en,Environment and Climate Change Canada,Gatineau QC,,"RAYYAN-INCLUSION: {""Kayleigh""=>""Excluded""} | RAYYAN-LABELS: bird,supplement | RAYYAN-EXCLUSION-REASONS: not primary data",,Canada,,
rayyan-417655987,Canada's approach to forest carbon quantification and accounting: key concerns,2023,1,18,,,,,,"",https://primarysources.brillonline.com/browse/climate-change-and-law-collection/canadas-approach-to-forest-carbon-quantification-and-accounting-key-concerns;cccc002720210164,en,Koninklijke Brill NV,,,"RAYYAN-INCLUSION: {""Kayleigh""=>""Excluded""} | RAYYAN-LABELS: forest | RAYYAN-EXCLUSION-REASONS: inaccessible",,Canada,,
rayyan-417655988,"Estimation and Change in Carbon Stock of Robinia Pseudoacacia in Seoul, Korea",2016,3,1,"Journal of the Faculty of Agriculture, Kyushu University",,16,,,"Kil, Sung-Ho and Kim, Jun-Hyun and Newman, Galen and Park, Gwan-Soo and Ohga, Shoji",,,,,,"RAYYAN-INCLUSION: {""Kayleigh""=>""Excluded""} | RAYYAN-LABELS: forest | RAYYAN-EXCLUSION-REASONS: not urban",10.5109/1564074,Korea,,
rayyan-417655989,Tree Care for Wildlife Best Management Practices,,,,,,,,,"Bassett, Corey and Donohue, Kara and Gilpin, Ryan",,en,,,,"RAYYAN-INCLUSION: {""Corey""=>""Excluded""} | RAYYAN-LABELS: bird | RAYYAN-EXCLUSION-REASONS: no outcome",,"",,
rayyan-417655990,Révision scientifique externe,,,,,,,,,"Hénault-Ethier, Louise",,fr,,,,"RAYYAN-INCLUSION: {""Kayleigh""=>""Excluded""} | RAYYAN-LABELS: forest | RAYYAN-EXCLUSION-REASONS: not climate solution",,"",,
rayyan-417655991,Lessons Learned from Developing Best Management Practices for Urban Tree Care and Wildlife,2022,1,1,Arboriculture & Urban Forestry,"19355297, 21550778",48,1,1-8,"Bassett, Corinne and Gilpin, Ryan and Donohue, Kara",https://joa.isa-arbor.com/article_detail.asp?JournalID=1&VolumeID=48&IssueID=1&ArticleID=5535,en,,,,"RAYYAN-INCLUSION: {""Corey""=>""Excluded""} | RAYYAN-LABELS: bird | RAYYAN-EXCLUSION-REASONS: no outcome",10.48044/jauf.2022.001,"",,
rayyan-417655992,Trees are for the Birds — or Should Be,,,,,,,,,"Fazio, Dr James R",,en,,,,"RAYYAN-INCLUSION: {""Kayleigh""=>""Excluded""} | RAYYAN-LABELS: bird,supplement | RAYYAN-EXCLUSION-REASONS: not primary",,"",,
rayyan-417655993,Managing Wildlife Habitat Through Urban Forestry,,,,,,,,,"Gilpin, Ryan",,en,,,,"RAYYAN-INCLUSION: {""Kayleigh""=>""Excluded""} | RAYYAN-LABELS: bird,supplement | RAYYAN-EXCLUSION-REASONS: not primary",,"",,
rayyan-417655994,Expanding the benefits of trees to include their value to birds,2019,,,,,,,,"Martin, Gillian",,en,,,,"RAYYAN-INCLUSION: {""Kayleigh""=>""Excluded""} | RAYYAN-LABELS: bird,supplement | RAYYAN-EXCLUSION-REASONS: not primary",,Trees,,
rayyan-420090892,Nutrient Dynamics and Ecosystem Development of Urban Forests,2022,,,ProQuest Dissertations and Theses,9798841748779,,29322877,186,"Mejía, Gisselle and Grofffman, Peter M.",https://lib-ezproxy.concordia.ca/login?qurl=https%3A%2F%2Fwww.proquest.com%2Fdissertations-theses%2Fnutrient-dynamics-ecosystem-development-urban%2Fdocview%2F2703402689%2Fse-2%3Faccountid%3D10246,English,City University of New York     PP  - United States -- New York,Ann Arbor,,"Copyright - Database copyright ProQuest LLC; ProQuest does not claim copyright in the individual underlying works.     Last updated - 2022-11-19 | RAYYAN-INCLUSION: {""Kayleigh""=>""Included"", ""Corey""=>""Included""} | RAYYAN-INCLUSION: {""Corey""=>""Included""} | RAYYAN-LABELS: forest",,Carbon cycling;Macrosystems ecology;Nitrogen cycling;Novel ecosystems;Urban ecology;Environmental science;Ecology;Biochemistry;0329:Ecology;0487:Biochemistry;0768:Environmental science;Food;Trees,,
rayyan-420090893,Swfl Quantifiable Land Use Impacts on Planetary Boundaries (SQUIP),2022,,,ProQuest Dissertations and Theses,9798819333051,,29214212,115,"VanFossen, Casey A. and Danley-Thomson, Ashley A.",https://lib-ezproxy.concordia.ca/login?qurl=https%3A%2F%2Fwww.proquest.com%2Fdissertations-theses%2Fswfl-quantifiable-land-use-impacts-on-planetary%2Fdocview%2F2678493400%2Fse-2%3Faccountid%3D10246,English,Florida Gulf Coast University     PP  - United States -- Florida,Ann Arbor,,"Copyright - Database copyright ProQuest LLC; ProQuest does not claim copyright in the individual underlying works.     Last updated - 2022-11-21 | RAYYAN-INCLUSION: {""Kayleigh""=>""Included"", ""Corey""=>""Included""} | RAYYAN-INCLUSION: {""Corey""=>""Excluded""} | RAYYAN-LABELS: forest | RAYYAN-EXCLUSION-REASONS: no access",,Anthropocene;Ecologically extractive;Ecologically restorative;Planetary boundary;Sustainable initiatives;Environmental engineering;Sustainability;Ecology;0329:Ecology;0640:Sustainability;0775:Environmental engineering,,
rayyan-420090894,"Ecosystem Services from Urban Ecological Infrastructure: Perceptions, Performance, and Priorities for Climate Resilient Cities",2022,,,ProQuest Dissertations and Theses,9798819358405,,29167268,178,"Elser, Stephen and Grimm, Nancy",https://lib-ezproxy.concordia.ca/login?qurl=https%3A%2F%2Fwww.proquest.com%2Fdissertations-theses%2Fecosystem-services-urban-ecological%2Fdocview%2F2672640602%2Fse-2%3Faccountid%3D10246,English,Arizona State University     PP  - United States -- Arizona,Ann Arbor,,"Copyright - Database copyright ProQuest LLC; ProQuest does not claim copyright in the individual underlying works.     Last updated - 2022-11-11 | RAYYAN-INCLUSION: {""Kayleigh""=>""Included"", ""Corey""=>""Included""} | RAYYAN-INCLUSION: {""Corey""=>""Excluded""} | RAYYAN-LABELS: forest | RAYYAN-EXCLUSION-REASONS: wrong outcome",,Climate change;Cities;Urban ecological infrastructure;Environmental science;Ecology;0329:Ecology;0404:Climate Change;0768:Environmental science,,
rayyan-420090895,Plant-Pollinator Interactions in the Face of Global Change,2021,,,ProQuest Dissertations and Theses,9798845403834,,29605235,134,"O'Connell, Megan and Jha, Shalene",https://lib-ezproxy.concordia.ca/login?qurl=https%3A%2F%2Fwww.proquest.com%2Fdissertations-theses%2Fplant-pollinator-interactions-face-global-change%2Fdocview%2F2713330384%2Fse-2%3Faccountid%3D10246,English,The University of Texas at Austin     PP  - United States -- Texas,Ann Arbor,,"Copyright - Database copyright ProQuest LLC; ProQuest does not claim copyright in the individual underlying works.     Last updated - 2022-09-19 | RAYYAN-INCLUSION: {""Kayleigh""=>""Included"", ""Corey""=>""Included""} | USER-NOTES: {""Corey""=>[""unclear if the pollinators are birds AND if the urban gardens include trees""], ""Kayleigh""=>[""Need more information to determine if garden areas include trees or forest components and whether pollinators include bird species. Agree to tend to inclusion. ""]} | RAYYAN-INCLUSION: {""Corey""=>""Excluded""} | RAYYAN-LABELS: forest | RAYYAN-EXCLUSION-REASONS: no access",,Pollinators;Plant-pollinator interactions;Conservation;Land-use change;Biodiversity;Landscape ecology;Population genetics;Phenology;Urban ecology;Science communication;Science media;Climate change;Ecology;Plant sciences;0329:Ecology;0404:Climate Change;0479:Plant sciences,,
rayyan-420090896,"The Governance of Community Gardens as Commons and Its Role in the Socio-Environmental Outcomes of Gardening in Austin, TX",2021,,,ProQuest Dissertations and Theses,9798841792383,,29465511,242,"Ponstingel, Daria and Tiefenbacher, John",https://lib-ezproxy.concordia.ca/login?qurl=https%3A%2F%2Fwww.proquest.com%2Fdissertations-theses%2Fgovernance-community-gardens-as-commons-role%2Fdocview%2F2709909794%2Fse-2%3Faccountid%3D10246,English,Texas State University - San Marcos     PP  - United States -- Texas,Ann Arbor,,"Copyright - Database copyright ProQuest LLC; ProQuest does not claim copyright in the individual underlying works.     Last updated - 2022-09-26 | RAYYAN-INCLUSION: {""Kayleigh""=>""Included"", ""Corey""=>""Included""} | USER-NOTES: {""Corey""=>[""unclear if gardens include trees""], ""Kayleigh""=>[""Doesn't explicitly mention trees, but could be part of community garden parcel. Tended to inclusion to see in full-text"", ""Agree to tend to inclusion since we require more information to determine whether trees were considered. ""]} | RAYYAN-INCLUSION: {""Corey""=>""Excluded""} | RAYYAN-LABELS: forest | RAYYAN-EXCLUSION-REASONS: not forest",,Community gardens;Commons;Diverse economies;Urban political ecology;Carbon sequestration;Net primary productivity;Texas;Geography;Environmental education;Public policy;0366:Geography;0630:Public policy;0442:Environmental education,,
rayyan-420090897,The Potential Contribution of Brownfield Ecosystem Services to Urban Resilience,2021,,,PQDT - UK & Ireland,,,29103380,,"Preston, Paul David",https://lib-ezproxy.concordia.ca/login?qurl=https%3A%2F%2Fwww.proquest.com%2Fdissertations-theses%2Fpotential-contribution-brownfield-ecosystem%2Fdocview%2F2636099712%2Fse-2%3Faccountid%3D10246,English,Manchester Metropolitan University (United Kingdom)     PP  - England,Ann Arbor,,"Copyright - Database copyright ProQuest LLC; ProQuest does not claim copyright in the individual underlying works.     Analyte descriptor - Bibliographic data provided by EThOS, the British Library’s UK thesis service. https://ethos.bl.uk/OrderDetails.do?uin=uk.bl.ethos.843617     Last updated - 2022-11-03 | RAYYAN-INCLUSION: {""Kayleigh""=>""Included"", ""Corey""=>""Included""} | RAYYAN-INCLUSION: {""Corey""=>""Excluded""} | RAYYAN-LABELS: forest | RAYYAN-EXCLUSION-REASONS: no access",,843617,,
rayyan-420090898,"Influence of Enhancing Urban Vegetation on Above-Ground Carbon Sequestration Dynamics in Arid Urban Lands: Case Study in Doha City, Qatar",2021,,,PQDT - Global,9798790654237,,28417974,154,"Habib, Salma MHD Zuhir and Al-Ghamdi, Sami",https://lib-ezproxy.concordia.ca/login?qurl=https%3A%2F%2Fwww.proquest.com%2Fdissertations-theses%2Finfluence-enhancing-urban-vegetation-on-above%2Fdocview%2F2634561474%2Fse-2%3Faccountid%3D10246,English,Hamad Bin Khalifa University (Qatar)     PP  - Qatar,Ann Arbor,,"Copyright - Database copyright ProQuest LLC; ProQuest does not claim copyright in the individual underlying works.     Last updated - 2022-04-06 | RAYYAN-INCLUSION: {""Kayleigh""=>""Included"", ""Corey""=>""Included""} | RAYYAN-INCLUSION: {""Corey""=>""Included""} | RAYYAN-LABELS: forest",,Carbon sequestration dynamics;Arid urban lands;Urban vegetation;Environmental science;0768:Environmental science;Vegetables,,
rayyan-420090899,Climate Change and The Urban Forest: Emerging Threats and Adaptive Strategies for New York City Street Tree Resilience,2021,,,ProQuest Dissertations and Theses,9798780627890,,29043929,72,"Bachman, Emily K. and Becker, Jenifer and Bingham, Beth",https://lib-ezproxy.concordia.ca/login?qurl=https%3A%2F%2Fwww.proquest.com%2Fdissertations-theses%2Fclimate-change-urban-forest-emerging-threats%2Fdocview%2F2624914140%2Fse-2%3Faccountid%3D10246,English,Pratt Institute     PP  - United States -- New York,Ann Arbor,,"Copyright - Copyright ProQuest Dissertations Publishing 2021     Last updated - 2022-07-22 | RAYYAN-INCLUSION: {""Kayleigh""=>""Included"", ""Corey""=>""Included""} | USER-NOTES: {""Corey""=>[""unclear if outcome includes climate change mitigation""]} | RAYYAN-INCLUSION: {""Corey""=>""Excluded""} | RAYYAN-LABELS: forest | RAYYAN-EXCLUSION-REASONS: wrong outcome",,Urban forests;Tree resilience;Environmental justice;Landscape architecture;0390:Landscape architecture;New York City,,
rayyan-420090900,"Welcome to Pocatello: Urban Forests, Biogeochemical Cycling, and Water Quality Within a Local Context",2021,,,ProQuest Dissertations and Theses,9798492722890,,28768197,257,"Hill, Sophie K. and Hale, Rebecca L.",https://lib-ezproxy.concordia.ca/login?qurl=https%3A%2F%2Fwww.proquest.com%2Fdissertations-theses%2Fwelcome-pocatello-urban-forests-biogeochemical%2Fdocview%2F2595508158%2Fse-2,English,Idaho State University     PP  - United States -- Idaho,Ann Arbor,,"Copyright - Database copyright ProQuest LLC; ProQuest does not claim copyright in the individual underlying works.     Last updated - 2022-02-26 | RAYYAN-INCLUSION: {""Corey""=>""Included""} | USER-NOTES: {""Corey""=>[""Verify if carbon seq. or storage was part of C cycling study""]} | RAYYAN-INCLUSION: {""Corey""=>""Excluded""} | RAYYAN-LABELS: forest | RAYYAN-EXCLUSION-REASONS: wrong outcome",,Urban trees;Nutrient pollution;Eutrophication;Nonleaf litterfall;Litterfall;Biology;Biogeochemistry;Water resources management;0306:Biology;0425:Biogeochemistry;0595:Water Resources Management,,
rayyan-420090901,The Impacts of Asian Longhorned Beetle on Forests in Southern New England,2021,,,ProQuest Dissertations and Theses,9798460461219,,28769191,115,"Box, Olivia F. and D'Amato, Anthony W.",https://lib-ezproxy.concordia.ca/login?qurl=https%3A%2F%2Fwww.proquest.com%2Fdissertations-theses%2Fimpacts-asian-longhorned-beetle-on-forests%2Fdocview%2F2585953619%2Fse-2%3Faccountid%3D10246,English,The University of Vermont and State Agricultural College     PP  - United States -- Vermont,Ann Arbor,,"Copyright - Database copyright ProQuest LLC; ProQuest does not claim copyright in the individual underlying works.     Last updated - 2022-09-21 | RAYYAN-INCLUSION: {""Corey""=>""Included""} | RAYYAN-INCLUSION: {""Corey""=>""Excluded""} | RAYYAN-LABELS: forest | RAYYAN-EXCLUSION-REASONS: wrong outcome",,Asian Longhorned Beetle;Climate change;forest management;Invasive species;LANDIS-II;New England;Forestry;Ecology;Natural resource management;Entomology;0329:Ecology;0353:Entomology;0478:Forestry;0528:Natural Resource Management;England;Trees,,
rayyan-420090902,Sensitivity and Uncertainty Analyses of an Urban Forest Structure and Function Model,2020,,,ProQuest Dissertations and Theses,9798790644375,,29055254,227,"Lin, Jian and Kroll, Charles N.",https://lib-ezproxy.concordia.ca/login?qurl=https%3A%2F%2Fwww.proquest.com%2Fdissertations-theses%2Fsensitivity-uncertainty-analyses-urban-forest%2Fdocview%2F2639047324%2Fse-2%3Faccountid%3D10246,English,State University of New York College of Environmental Science and Forestry     PP  - United States -- New York,Ann Arbor,,"Copyright - Database copyright ProQuest LLC; ProQuest does not claim copyright in the individual underlying works.     Last updated - 2022-03-27 | RAYYAN-INCLUSION: {""Corey""=>""Included""} | RAYYAN-INCLUSION: {""Corey""=>""Excluded""} | RAYYAN-LABELS: forest | RAYYAN-EXCLUSION-REASONS: excluded in sci lit,not climate solution",,Urban forest;i-Tree Eco;Ecosystem services;Geographic information science;Urban forestry;Forestry;Urban planning;Ecology;0370:Geographic information science;0281:Urban Forestry;0329:Ecology;0999:Urban planning;0478:Forestry;Trees,,
rayyan-420090903,Spatiotemporal Dynamics in Regulating Ecosystem Services of Urban Green-Blue Infrastructure,2020,,,PQDT - UK & Ireland,,,28851934,,"Baker, Fraser",https://lib-ezproxy.concordia.ca/login?qurl=https%3A%2F%2Fwww.proquest.com%2Fdissertations-theses%2Fspatiotemporal-dynamics-regulating-ecosystem%2Fdocview%2F2579442994%2Fse-2%3Faccountid%3D10246,English,Manchester Metropolitan University (United Kingdom)     PP  - England,Ann Arbor,,"Copyright - Database copyright ProQuest LLC; ProQuest does not claim copyright in the individual underlying works.     Analyte descriptor - Bibliographic data provided by EThOS, the British Library’s UK thesis service. https://ethos.bl.uk/OrderDetails.do?uin=uk.bl.ethos.830206     Last updated - 2022-11-03 | RAYYAN-INCLUSION: {""Corey""=>""Included""} | USER-NOTES: {""Corey""=>[""check to see if carbon mit. is incl. as one of the RES""]} | RAYYAN-INCLUSION: {""Corey""=>""Excluded""} | RAYYAN-LABELS: forest | RAYYAN-EXCLUSION-REASONS: no access",,830206;Infrastructure,,
rayyan-420090904,Soil Carbon Accumulation in an Urban Ecosystem: Canopy Cover and Management Effects,2020,,,ProQuest Dissertations and Theses,9798691275661,,28167830,75,"Kang, Katherina A. and Ponette-González, Alexandra",https://lib-ezproxy.concordia.ca/login?qurl=https%3A%2F%2Fwww.proquest.com%2Fdissertations-theses%2Fsoil-carbon-accumulation-urban-ecosystem-canopy%2Fdocview%2F2489630159%2Fse-2%3Faccountid%3D10246,English,University of North Texas     PP  - United States -- Texas,Ann Arbor,,"Copyright - Database copyright ProQuest LLC; ProQuest does not claim copyright in the individual underlying works.     Last updated - 2021-12-02 | RAYYAN-INCLUSION: {""Corey""=>""Included""} | RAYYAN-INCLUSION: {""Corey""=>""Included""} | RAYYAN-LABELS: forest",,Urban soils;Urban forest;Carbon sequestration;Green space maintenance;Geography;0366:Geography,,
rayyan-420090905,"Characteristics of Urban Vacant Land in Tulsa, Oklahoma: A Socio-Ecological Assessment of Land Use, Ecosystem Services and Ground Beetle Assemblages",2019,,,ProQuest Dissertations and Theses,9798645469801,,27667891,78,"Davis, Graham Edward and Papeş, Monica and Dzialowski, Andrew R.",https://lib-ezproxy.concordia.ca/login?qurl=https%3A%2F%2Fwww.proquest.com%2Fdissertations-theses%2Fcharacteristics-urban-vacant-land-tulsa-oklahoma%2Fdocview%2F2409197059%2Fse-2%3Faccountid%3D10246,English,Oklahoma State University     PP  - United States -- Oklahoma,Ann Arbor,,"Copyright - Database copyright ProQuest LLC; ProQuest does not claim copyright in the individual underlying works.     Last updated - 2022-11-03 | RAYYAN-INCLUSION: {""Corey""=>""Included""} | RAYYAN-INCLUSION: {""Corey""=>""Excluded""} | RAYYAN-LABELS: forest | RAYYAN-EXCLUSION-REASONS: no outcome",,Carabidae;Urban;Vacant;Ecology;Urban planning;0329:Ecology;0999:Urban planning;Oklahoma,,
rayyan-420090906,The Effects of Urban Environments on Trees and Their Herbivores,2019,,,ProQuest Dissertations and Theses,9781392804940,,27785385,144,"Backe, Kristi Marie and Haddad, Nicholas and Reiskind, Michael and Fair, Barbara and Frank, Steven",https://lib-ezproxy.concordia.ca/login?qurl=https%3A%2F%2Fwww.proquest.com%2Fdissertations-theses%2Feffects-urban-environments-on-trees-their%2Fdocview%2F2388879967%2Fse-2%3Faccountid%3D10246,English,North Carolina State University     PP  - United States -- North Carolina,Ann Arbor,,"Copyright - Database copyright ProQuest LLC; ProQuest does not claim copyright in the individual underlying works.     Last updated - 2021-05-14 | RAYYAN-INCLUSION: {""Corey""=>""Included""} | RAYYAN-INCLUSION: {""Corey""=>""Excluded""} | RAYYAN-LABELS: forest | RAYYAN-EXCLUSION-REASONS: wrong outcome",,Pine processionary larvae;Urban heat island effect;Gloomy scale;Entomology;0353:Entomology;Trees,,
rayyan-420090907,Managing Cities as Urban Ecosystems: Analysis Tools for Biodiversity Stewardship in Los Angeles,2019,,,ProQuest Dissertations and Theses,9781392422298,,27669473,510,"Brown, Isaac Thomas and Gillespie, Thomas Welch and Gold, Mark Andrew",https://lib-ezproxy.concordia.ca/login?qurl=https%3A%2F%2Fwww.proquest.com%2Fdissertations-theses%2Fmanaging-cities-as-urban-ecosystems-analysis%2Fdocview%2F2331977252%2Fse-2%3Faccountid%3D10246,English,"University of California, Los Angeles     PP  - United States -- California",Ann Arbor,,"Copyright - Database copyright ProQuest LLC; ProQuest does not claim copyright in the individual underlying works.     Last updated - 2021-09-29 | RAYYAN-INCLUSION: {""Corey""=>""Included""} | RAYYAN-INCLUSION: {""Kayleigh""=>""Excluded"", ""Corey""=>""Excluded""} | RAYYAN-LABELS: forest | RAYYAN-EXCLUSION-REASONS: wrong population,not forest management",,Biodiversity;Connectivity;Ecosystem;Index;Landscape;Urban;Los Angeles;California;Environmental science;Urban planning;Ecology;0329:Ecology;0999:Urban planning;0768:Environmental science,,
rayyan-420090908,"Deep Adaptation: A Framework for Climate Resilience, Decarbonization, and Planetary Health",2018,,,ProQuest Dissertations and Theses,978-0-438-68137-8,,10937535,186,"Anderson, Vidya and Gough, William",https://lib-ezproxy.concordia.ca/login?qurl=https%3A%2F%2Fwww.proquest.com%2Fdissertations-theses%2Fdeep-adaptation-framework-climate-resilience%2Fdocview%2F2150178410%2Fse-2%3Faccountid%3D10246,English,"University of Toronto (Canada)     PP  - Canada -- Ontario, CA",Ann Arbor,,"Copyright - Database copyright ProQuest LLC; ProQuest does not claim copyright in the individual underlying works.     Last updated - 2022-10-31 | RAYYAN-INCLUSION: {""Corey""=>""Included""} | RAYYAN-INCLUSION: {""Corey""=>""Excluded""} | RAYYAN-LABELS: forest | RAYYAN-EXCLUSION-REASONS: not forest management",,Social sciences;Health and environmental sciences;Earth sciences;Green infrastructure;Health equity;Mitigation;Public health;Environmental science;Land use planning;Climate change;0573:Public health;0536:Land Use Planning;0404:Climate Change;0768:Environmental science,,
rayyan-420090909,"Stacking Green Infrastructure Benefits: A Spatial Multi-Criteria Approach to Green Infrastructure Planning in Seattle, Washington",2018,,,ProQuest Dissertations and Theses,978-0-438-48817-5,,10840619,147,"Lau, Kai Ying and Parmenter, Barbara",https://lib-ezproxy.concordia.ca/login?qurl=https%3A%2F%2Fwww.proquest.com%2Fdissertations-theses%2Fstacking-green-infrastructure-benefits-spatial%2Fdocview%2F2124656218%2Fse-2%3Faccountid%3D10246,English,Tufts University     PP  - United States -- Massachusetts,Ann Arbor,,"Copyright - Database copyright ProQuest LLC; ProQuest does not claim copyright in the individual underlying works.     Last updated - 2022-10-30 | RAYYAN-INCLUSION: {""Corey""=>""Included""} | RAYYAN-INCLUSION: {""Corey""=>""Excluded""} | RAYYAN-LABELS: forest | RAYYAN-EXCLUSION-REASONS: not forest management",,Social sciences;Earth sciences;Ecosystem benefits;Multi-criteria analysis;Geographic information science;Sustainability;Urban planning;0370:Geographic information science;0999:Urban planning;0640:Sustainability;Washington,,
rayyan-420090910,Climate change adaptation in london through resilient ecosystem services management,2018,,,PQDT - UK & Ireland,,,10999895,,"Oh, Yu Kyung",https://lib-ezproxy.concordia.ca/login?qurl=https%3A%2F%2Fwww.proquest.com%2Fdissertations-theses%2Fclimate-change-adaptation-london-through%2Fdocview%2F2116929703%2Fse-2%3Faccountid%3D10246,English,"University of London, King's College (United Kingdom)     PP  - England",Ann Arbor,,"Copyright - Database copyright ProQuest LLC; ProQuest does not claim copyright in the individual underlying works.     Analyte descriptor - Bibliographic data provided by EThOS, the British Library’s UK thesis service: https://ethos.bl.uk/OrderDetails.do?uin=uk.bl.ethos.745432     Last updated - 2021-09-13 | RAYYAN-INCLUSION: {""Corey""=>""Included""} | RAYYAN-INCLUSION: {""Corey""=>""Included""} | RAYYAN-LABELS: forest",,https://kclpure.kcl.ac.uk/portal/en/theses/climate-change-adaptation-in-london-through-resilient-ecosystem-services-management(c1b8b3aa-04d5-4151-83da-9971ed59f95f).html;(UMI)AAI10999895;Social sciences;Adaptation;Carbon sequestration;Qualitative research;Ecosystems;Climate change;Business improvement districts;0404:Climate Change,,
rayyan-420090911,A Century of Change in Avifauna of California's Most Transformed Landscapes,2018,,,ProQuest Dissertations and Theses,978-0-438-32392-6,,10807758,122,"MacLean, Sarah and Beissinger, Steven R.",https://lib-ezproxy.concordia.ca/login?qurl=https%3A%2F%2Fwww.proquest.com%2Fdissertations-theses%2Fcentury-change-avifauna-californias-most%2Fdocview%2F2101510578%2Fse-2%3Faccountid%3D10246,English,"University of California, Berkeley     PP  - United States -- California",Ann Arbor,,"Copyright - Database copyright ProQuest LLC; ProQuest does not claim copyright in the individual underlying works.     Last updated - 2022-10-30 | RAYYAN-INCLUSION: {""Corey""=>""Included""} | RAYYAN-INCLUSION: {""Corey""=>""Excluded""} | RAYYAN-LABELS: forest | RAYYAN-EXCLUSION-REASONS: not forest management",,Biological sciences;Birds;Climate change;Grinnell;Land-use change;Occupancy;Spatial ecology;Ecology;Wildlife conservation;0329:Ecology;0284:Wildlife Conservation;California,,
rayyan-420090912,"Ecosystem Service Supply in an Urban Landscape: Roles of Landscape Structure, Historical Land-use, and Biodiversity",2018,,,ProQuest Dissertations and Theses,978-0-355-94786-1,,10822399,161,"Ziter, Carly D. and Turner, Monica G.",https://lib-ezproxy.concordia.ca/login?qurl=https%3A%2F%2Fwww.proquest.com%2Fdissertations-theses%2Fecosystem-service-supply-urban-landscape-roles%2Fdocview%2F2043510587%2Fse-2%3Faccountid%3D10246,English,The University of Wisconsin - Madison     PP  - United States -- Wisconsin,Ann Arbor,,"Copyright - Database copyright ProQuest LLC; ProQuest does not claim copyright in the individual underlying works.     Last updated - 2022-11-02 | RAYYAN-INCLUSION: {""Kayleigh""=>""Included""} | RAYYAN-INCLUSION: {""Corey""=>""Included""} | RAYYAN-LABELS: forest",,Biological sciences;Social sciences;Health and environmental sciences;Biodiversity;Ecosystem services;Land use legacies;Landscape ecology;Sustainability;Urban ecology;Ecology;Environmental science;Land use planning;0329:Ecology;0536:Land Use Planning;0768:Environmental science;Ecosystem,,
rayyan-420090913,"Carbon-Storing Trees and Particulate Matter Reduction in Los Angeles, California",2018,,,ProQuest Dissertations and Theses,978-0-355-57766-2,,10743102,124,"Obenson, Tanyi and Goes, James",https://lib-ezproxy.concordia.ca/login?qurl=https%3A%2F%2Fwww.proquest.com%2Fdissertations-theses%2Fcarbon-storing-trees-particulate-matter-reduction%2Fdocview%2F2009469092%2Fse-2%3Faccountid%3D10246,English,Walden University     PP  - United States -- Minnesota,Ann Arbor,,"Copyright - Database copyright ProQuest LLC; ProQuest does not claim copyright in the individual underlying works.     Last updated - 2022-11-02 | RAYYAN-INCLUSION: {""Kayleigh""=>""Included""} | RAYYAN-INCLUSION: {""Corey""=>""Excluded""} | RAYYAN-LABELS: forest | RAYYAN-EXCLUSION-REASONS: no outcome",,Health and environmental sciences;Air pollution;Carbon trees;Minority areas;Environmental health;0470:Environmental Health;California;Los Angeles;Trees,,
rayyan-420090914,עצי רחוב בשכונות מגורים חדשות בישראל: הטמעת הידע בתכנון ובביצוע,2017,,,PQDT - Global,9798471180963,,28747976,137,"איל-סלדינגר, ורד and Eyal-Saldinger, Vered and טרופ, תמר and Trop, Tamar and חנוך-רועה, גליה and Hanoch-Roe, Galia",https://lib-ezproxy.concordia.ca/login?qurl=https%3A%2F%2Fwww.proquest.com%2Fdissertations-theses%2F%D7%A2%D7%A6%D7%99-%D7%A8%D7%97%D7%95%D7%91-%D7%91%D7%A9%D7%9B%D7%95%D7%A0%D7%95%D7%AA-%D7%9E%D7%92%D7%95%D7%A8%D7%99%D7%9D-%D7%97%D7%93%D7%A9%D7%95%D7%AA-%D7%91%D7%99%D7%A9%D7%A8%D7%90%D7%9C-%D7%94%D7%98%D7%9E%D7%A2%D7%AA-%D7%94%D7%99%D7%93%D7%A2%2Fdocview%2F2595073195%2Fse-2%3Faccountid%3D10246,Hebrew,University of Haifa (Israel)     PP  - Israel,Ann Arbor,,"Copyright - Database copyright ProQuest LLC; ProQuest does not claim copyright in the individual underlying works.     Last updated - 2021-11-24 | RAYYAN-INCLUSION: {""Kayleigh""=>""Included""} | RAYYAN-INCLUSION: {""Corey""=>""Excluded""} | RAYYAN-LABELS: forest | RAYYAN-EXCLUSION-REASONS: foreign language",,Physiology;Plant growth;Biology;Middle Eastern studies;Plant sciences;Regional studies;0306:Biology;0555:Middle Eastern Studies;0604:Regional Studies;0479:Plant sciences;0719:Physiology,,
rayyan-420090915,"Vulnerability of Common Urban Forest Species to Projected Climate Change: A Case Study of Mississauga, Ontario",2017,,,ProQuest Dissertations and Theses,978-0-355-45033-0,,10636410,107,"Khan, Talha and Conway, Tenley",https://lib-ezproxy.concordia.ca/login?qurl=https%3A%2F%2Fwww.proquest.com%2Fdissertations-theses%2Fvulnerability-common-urban-forest-species%2Fdocview%2F1992164926%2Fse-2%3Faccountid%3D10246,English,"University of Toronto (Canada)     PP  - Canada -- Ontario, CA",Ann Arbor,,"Copyright - Database copyright ProQuest LLC; ProQuest does not claim copyright in the individual underlying works.     Last updated - 2022-10-31 | RAYYAN-INCLUSION: {""Kayleigh""=>""Included""} | RAYYAN-INCLUSION: {""Corey""=>""Excluded""} | RAYYAN-LABELS: forest | RAYYAN-EXCLUSION-REASONS: no outcome",,Biological sciences;Social sciences;Earth sciences;Climate change;Climate envelopes;Climate vulnerability;Urban forest;Geography;Urban forestry;0281:Urban Forestry;0366:Geography;0404:Climate Change,,
rayyan-420090916,"The Emission, Storage and Dispersion of CO2 Within and Above the Urban Canopy Layer in Central London",2016,,,PQDT - UK & Ireland,,,29351199,,"Bjorkegren, Alex",https://lib-ezproxy.concordia.ca/login?qurl=https%3A%2F%2Fwww.proquest.com%2Fdissertations-theses%2Femission-storage-dispersion-co2-within-above%2Fdocview%2F2685316705%2Fse-2%3Faccountid%3D10246,English,"University of London, King's College (United Kingdom)     PP  - England",Ann Arbor,,"Copyright - Database copyright ProQuest LLC; ProQuest does not claim copyright in the individual underlying works.     Analyte descriptor - Bibliographic data provided by EThOS, the British Library’s UK thesis service. https://ethos.bl.uk/OrderDetails.do?uin=uk.bl.ethos.849731     Last updated - 2022-07-26 | RAYYAN-INCLUSION: {""Kayleigh""=>""Included""} | RAYYAN-INCLUSION: {""Kayleigh""=>""Excluded"", ""Corey""=>""Excluded""} | RAYYAN-LABELS: forest | RAYYAN-EXCLUSION-REASONS: wrong intervention,not forest management",,849731;Vegetation;Urban areas;Respiration;Estimates;Emissions;Greenhouse effect;Climate change;Carbon dioxide;0404:Climate Change;London,,
rayyan-420090917,Spatially optimised sustainable urban development,2016,,,PQDT - UK & Ireland,,,10613101,,"Caparros-Midwood, Daniel",https://lib-ezproxy.concordia.ca/login?qurl=https%3A%2F%2Fwww.proquest.com%2Fdissertations-theses%2Fspatially-optimised-sustainable-urban-development%2Fdocview%2F1913433467%2Fse-2%3Faccountid%3D10246,English,University of Newcastle Upon Tyne (United Kingdom)     PP  - England,Ann Arbor,,"Copyright - Database copyright ProQuest LLC; ProQuest does not claim copyright in the individual underlying works.     Analyte descriptor - Bibliographic data provided by EThOS, the British Library’s UK thesis service: https://ethos.bl.uk/OrderDetails.do?uin=uk.bl.ethos.703153     Last updated - 2022-03-22 | RAYYAN-INCLUSION: {""Kayleigh""=>""Included""} | RAYYAN-INCLUSION: {""Corey""=>""Excluded""} | RAYYAN-LABELS: forest",,http://hdl.handle.net/10443/3291;(UMI)AAI10613101;Social sciences;Brownfields;Urban planning;Floods;Sustainability;0999:Urban planning;0640:Sustainability,,
rayyan-420090918,Growing Climate Resilience: An Urban Forest Design Framework,2016,,,ProQuest Dissertations and Theses,978-1-369-54626-2,,10251340,81,"Hartman, Katherine Joan Haefele and Yocom, Ken and Way, Thaisa",https://lib-ezproxy.concordia.ca/login?qurl=https%3A%2F%2Fwww.proquest.com%2Fdissertations-theses%2Fgrowing-climate-resilience-urban-forest-design%2Fdocview%2F1872638975%2Fse-2%3Faccountid%3D10246,English,University of Washington     PP  - United States -- Washington,Ann Arbor,,"Copyright - Database copyright ProQuest LLC; ProQuest does not claim copyright in the individual underlying works.     Last updated - 2022-11-03 | RAYYAN-INCLUSION: {""Kayleigh""=>""Included""} | RAYYAN-INCLUSION: {""Kayleigh""=>""Excluded"", ""Corey""=>""Excluded""} | RAYYAN-LABELS: forest | RAYYAN-EXCLUSION-REASONS: no outcome",,Social sciences;Communication and the arts;Biological sciences;Earth sciences;Ecosystem services;Landscape planning;Resilience;Urban forests;Landscape architecture;Urban forestry;Land use planning;Climate change;0281:Urban Forestry;0536:Land Use Planning;0404:Climate Change;0390:Landscape architecture;Trees,,
rayyan-420090919,Rewilding Ballard ∥ Growing Small-Scale Community Habitat,2016,,,ProQuest Dissertations and Theses,978-1-339-94240-7,,10138683,161,"van Bemmel, Rhys and Winterbottom, Daniel",https://lib-ezproxy.concordia.ca/login?qurl=https%3A%2F%2Fwww.proquest.com%2Fdissertations-theses%2Frewilding-ballard-%E2%88%A5-growing-small-scale-community%2Fdocview%2F1821901876%2Fse-2%3Faccountid%3D10246,English,University of Washington     PP  - United States -- Washington,Ann Arbor,,"Copyright - Database copyright ProQuest LLC; ProQuest does not claim copyright in the individual underlying works.     Last updated - 2022-11-03 | RAYYAN-INCLUSION: {""Corey""=>""Included""} | RAYYAN-INCLUSION: {""Corey""=>""Excluded""} | RAYYAN-LABELS: forest | RAYYAN-EXCLUSION-REASONS: no outcome",,Communication and the arts;Health and environmental sciences;Community habitat;Landscape architecture;Shoreline street ends;Urban ecology;Urban habitat;Urban wildlife;Design;Environmental studies;0389:Design;0477:Environmental Studies;0390:Landscape architecture,,
rayyan-420090920,Highest and best use of urban land: Enhancing ecosystem services through landscape treatments,2016,,,ProQuest Dissertations and Theses,978-1-339-75789-6,,10112636,93,"Klaw, Waverly de Bruijn and Troy, Austin",https://lib-ezproxy.concordia.ca/login?qurl=https%3A%2F%2Fwww.proquest.com%2Fdissertations-theses%2Fhighest-best-use-urban-land-enhancing-ecosystem%2Fdocview%2F1794656365%2Fse-2%3Faccountid%3D10246,English,University of Colorado at Denver     PP  - United States -- Colorado,Ann Arbor,,"Copyright - Database copyright ProQuest LLC; ProQuest does not claim copyright in the individual underlying works.     Last updated - 2022-11-03 | RAYYAN-INCLUSION: {""Kayleigh""=>""Included""} | RAYYAN-INCLUSION: {""Kayleigh""=>""Excluded"", ""Corey""=>""Excluded""} | RAYYAN-LABELS: forest | RAYYAN-EXCLUSION-REASONS: no outcome",,Social sciences;Communication and the arts;Climate change;Ecosystem services;Holistic;Landscape;Regenerative;Vegetation;Landscape architecture;Urban planning;Land use planning;0999:Urban planning;0536:Land Use Planning;0390:Landscape architecture,,
rayyan-420090921,Using the Urban Landscape Mosaic to Develop and Validate Methods for Assessing the Spatial Distribution of Urban Ecosystem Service Potential,2015,,,PQDT - Global,9798505518519,,28467748,295,"Gunawan, Oliver Twanhaw and Armitage, Richard",https://lib-ezproxy.concordia.ca/login?qurl=https%3A%2F%2Fwww.proquest.com%2Fdissertations-theses%2Fusing-urban-landscape-mosaic-develop-validate%2Fdocview%2F2560036418%2Fse-2%3Faccountid%3D10246,English,University of Salford (United Kingdom)     PP  - England,Ann Arbor,,"Copyright - Database copyright ProQuest LLC; ProQuest does not claim copyright in the individual underlying works.     Last updated - 2021-09-15 | RAYYAN-INCLUSION: {""Kayleigh""=>""Included""} | RAYYAN-INCLUSION: {""Corey""=>""Included""} | RAYYAN-LABELS: forest",,Accuracy;Datasets;Buildings;Boxes;Ecosystems;Aesthetics;Vegetation;Aerial photography;Statistics;Remote sensing;Carbon sequestration;Councils;Audits;Spatial analysis;Land use;Recreation;Urban areas;Cluster analysis;Decision trees;Cities;Fine arts;Geography;Area planning & development;Wood sciences;Accounting;Land use planning;Philosophy;Standard deviation;Population;Classification;Copyright;Methods;0341:Area Planning and Development;0366:Geography;0746:Wood sciences;0357:Fine arts;0536:Land Use Planning;0814:Recreation;0799:Remote sensing;0650:Aesthetics;0463:Statistics;0272:Accounting;0422:Philosophy;Urban Population,,
rayyan-420090922,Estimating Above and Below Ground Vegetation Biomass and Carbon Storage Across an Intra-Urban Land-Use Gradient in Mid-Missouri,2015,,,ProQuest Dissertations and Theses,978-0-438-96761-8,,13849656,136,"Spiegel, Elizabeth",https://lib-ezproxy.concordia.ca/login?qurl=https%3A%2F%2Fwww.proquest.com%2Fdissertations-theses%2Festimating-above-below-ground-vegetation-biomass%2Fdocview%2F2190232415%2Fse-2%3Faccountid%3D10246,English,University of Missouri - Columbia     PP  - United States -- Missouri,Ann Arbor,,"Copyright - Database copyright ProQuest LLC; ProQuest does not claim copyright in the individual underlying works.     Last updated - 2022-10-30 | RAYYAN-INCLUSION: {""Kayleigh""=>""Included""} | RAYYAN-INCLUSION: {""Corey""=>""Included""} | RAYYAN-LABELS: forest",,Biological sciences;Health and environmental sciences;Earth sciences;Carbon sequestration;Carbon storage;Intra-urban gradient;Urban forestry;Vegetation biomass;Natural resource management;Climate change;0281:Urban Forestry;0404:Climate Change;0528:Natural Resource Management,,
rayyan-420090923,"Urbanization, the carbon cycle, and ecosystems: An exploration of coupled dynamics and feedbacks",2015,,,ProQuest Dissertations and Theses,978-1-339-22497-8,,3734032,136,"Briber, Brittain McJunkin and Hutyra, Lucy R.",https://lib-ezproxy.concordia.ca/login?qurl=https%3A%2F%2Fwww.proquest.com%2Fdissertations-theses%2Furbanization-carbon-cycle-ecosystems-exploration%2Fdocview%2F1780691535%2Fse-2%3Faccountid%3D10246,English,Boston University     PP  - United States -- Massachusetts,Ann Arbor,,"Copyright - Database copyright ProQuest LLC; ProQuest does not claim copyright in the individual underlying works.     Last updated - 2022-11-02 | RAYYAN-INCLUSION: {""Kayleigh""=>""Included""} | RAYYAN-INCLUSION: {""Corey""=>""Excluded""} | RAYYAN-LABELS: forest | RAYYAN-EXCLUSION-REASONS: not forest management",,Health and environmental sciences;Carbon;Ecology;Land cover;Tree growth;Urban;Environmental science;0768:Environmental science;Feedback,,
rayyan-420090924,Assessing green infrastructure as an effective strategy to help cities to build resilience to climate change,2015,,,ProQuest Dissertations and Theses,978-1-339-29299-1,,3738800,155,"de Sousa, Maria Raquel Catalano and Montalto, Franco Andre",https://lib-ezproxy.concordia.ca/login?qurl=https%3A%2F%2Fwww.proquest.com%2Fdissertations-theses%2Fassessing-green-infrastructure-as-effective%2Fdocview%2F1749782126%2Fse-2%3Faccountid%3D10246,English,Drexel University     PP  - United States -- Pennsylvania,Ann Arbor,,"Copyright - Database copyright ProQuest LLC; ProQuest does not claim copyright in the individual underlying works.     Last updated - 2022-11-02 | RAYYAN-INCLUSION: {""Corey""=>""Included""} | RAYYAN-INCLUSION: {""Kayleigh""=>""Excluded"", ""Corey""=>""Excluded""} | RAYYAN-LABELS: forest | RAYYAN-EXCLUSION-REASONS: wrong intervention,not forest management",,Social sciences;Applied sciences;Earth sciences;Adaptation;Climate change;Green infrastructure;Mitigation;Resilience;Sustainability;Environmental engineering;0640:Sustainability;0404:Climate Change;0775:Environmental engineering,,
rayyan-420090925,"Urban Forestry in a Time of Climate Change: Can Seattle, Washington become more Resilient through the Effective Management of Urban Forests?",2015,,,ProQuest Dissertations and Theses,978-1-339-07422-1,,1599947,161,"Titcomb, Sarah and Alberti, Marina",https://lib-ezproxy.concordia.ca/login?qurl=https%3A%2F%2Fwww.proquest.com%2Fdissertations-theses%2Furban-forestry-time-climate-change-can-seattle%2Fdocview%2F1720774226%2Fse-2%3Faccountid%3D10246,English,University of Washington     PP  - United States -- Washington,Ann Arbor,,"Copyright - Database copyright ProQuest LLC; ProQuest does not claim copyright in the individual underlying works.     Last updated - 2022-11-03 | RAYYAN-INCLUSION: {""Kayleigh""=>""Included""} | RAYYAN-INCLUSION: {""Corey""=>""Excluded""} | RAYYAN-LABELS: forest | RAYYAN-EXCLUSION-REASONS: no outcome",,Biological sciences;Earth sciences;Resilience;Scenario planning;Seattle;Urban forest;Urban forestry;Climate change;0281:Urban Forestry;0404:Climate Change;Washington,,
rayyan-420090926,Urban forest structure and ecosystem services assessment in the Scotlandville Community for better planning and sustainable management,2015,,,ProQuest Dissertations and Theses,978-1-321-68954-9,,3689501,119,"Chambers, Robert LeSheldon Lamar and Ning, Zhu H.",https://lib-ezproxy.concordia.ca/login?qurl=https%3A%2F%2Fwww.proquest.com%2Fdissertations-theses%2Furban-forest-structure-ecosystem-services%2Fdocview%2F1679279025%2Fse-2%3Faccountid%3D10246,English,Southern University and Agricultural and Mechanical College     PP  - United States -- Louisiana,Ann Arbor,,"Copyright - Database copyright ProQuest LLC; ProQuest does not claim copyright in the individual underlying works.     Last updated - 2022-11-01 | RAYYAN-INCLUSION: {""Kayleigh""=>""Included""} | RAYYAN-INCLUSION: {""Corey""=>""Included""} | RAYYAN-LABELS: forest",,Biological sciences;Health and environmental sciences;Earth sciences;Climate change;Ecosystem services;GIS;Natural resources;Sustainabiity;Geographic information science;Forestry;Natural resource management;Urban forestry;0370:Geographic information science;0281:Urban Forestry;0478:Forestry;0528:Natural Resource Management,,
rayyan-420090927,A Fine Scale Assessment of Urban Greenspace Impacts on Microclimate and Building Energy in Manchester,2014,,,PQDT - UK & Ireland,9781073271047,,10032741,199,"Skelhorn, Cynthia Pamela and Lindley, Sarah",https://lib-ezproxy.concordia.ca/login?qurl=https%3A%2F%2Fwww.proquest.com%2Fdissertations-theses%2Ffine-scale-assessment-urban-greenspace-impacts-on%2Fdocview%2F1774245030%2Fse-2%3Faccountid%3D10246,English,The University of Manchester (United Kingdom)     PP  - England,Ann Arbor,,"Copyright - Database copyright ProQuest LLC; ProQuest does not claim copyright in the individual underlying works.     Analyte descriptor - N.A.     Last updated - 2022-10-20 | RAYYAN-INCLUSION: {""Corey""=>""Included""} | RAYYAN-INCLUSION: {""Corey""=>""Included""} | RAYYAN-LABELS: forest",,https://www.research.manchester.ac.uk/portal/en/theses/a-fine-scale-assessment-of-urban-greenspace-impacts-on-microclimate-and-building-energyin-manchester(472ed55f-d66c-440f-acb1-1312880bbc20).html;(UMI)AAI10032741;Health and environmental sciences;Climate change;Environmental management;0474:Environmental management,,
rayyan-420090928,A comparison of carbon sequestration potential and photosynthetic efficiency in evergreen and deciduous oaks growing in contrasting environments in the southwest uk,2013,,,PQDT - UK & Ireland,,,10049152,,"Carne, Demelza Jane",https://lib-ezproxy.concordia.ca/login?qurl=https%3A%2F%2Fwww.proquest.com%2Fdissertations-theses%2Fcomparison-carbon-sequestration-potential%2Fdocview%2F1784058839%2Fse-2%3Faccountid%3D10246,English,University of Plymouth (United Kingdom)     PP  - England,Ann Arbor,,"Copyright - Database copyright ProQuest LLC; ProQuest does not claim copyright in the individual underlying works.     Analyte descriptor - Bibliographic data provided by EThOS, the British Library’s UK thesis service: https://ethos.bl.uk/OrderDetails.do?uin=uk.bl.ethos.577105     Last updated - 2022-10-20 | RAYYAN-INCLUSION: {""Corey""=>""Included""} | RAYYAN-INCLUSION: {""Corey""=>""Included""} | RAYYAN-LABELS: forest",,http://hdl.handle.net/10026.1/1598;(UMI)AAI10049152;Social sciences,,
rayyan-420090929,"Tree health, carbon sequestration, and sustainability of urban forests",2013,,,ProQuest Dissertations and Theses,978-1-321-50976-2,,3673324,188,"Chiriboga, Christian Alejandro and Herms, Daniel A.",https://lib-ezproxy.concordia.ca/login?qurl=https%3A%2F%2Fwww.proquest.com%2Fdissertations-theses%2Ftree-health-carbon-sequestration-sustainability%2Fdocview%2F1647741473%2Fse-2%3Faccountid%3D10246,English,The Ohio State University     PP  - United States -- Ohio,Ann Arbor,,"Copyright - Database copyright ProQuest LLC; ProQuest does not claim copyright in the individual underlying works.     Last updated - 2022-11-02 | RAYYAN-INCLUSION: {""Kayleigh""=>""Included""} | RAYYAN-INCLUSION: {""Corey""=>""Included""} | RAYYAN-LABELS: forest",,Social sciences;Biological sciences;Earth sciences;Carbon sequestration;Fertilization;Gas exchange;Growth;Herbivory;Imidacloprid;Entomology;Urban planning;Urban forestry;Climate change;0281:Urban Forestry;0353:Entomology;0999:Urban planning;0404:Climate Change,,
rayyan-420090930,"The Residential Urban Forest: Linking structure, function and management",2013,,,ProQuest Dissertations and Theses,978-1-303-67658-1,,3609042,187,"Tenneson, Karis and Alberti, Marina",https://lib-ezproxy.concordia.ca/login?qurl=https%3A%2F%2Fwww.proquest.com%2Fdissertations-theses%2Fresidential-urban-forest-linking-structure%2Fdocview%2F1496772530%2Fse-2%3Faccountid%3D10246,English,University of Washington     PP  - United States -- Washington,Ann Arbor,,"Copyright - Database copyright ProQuest LLC; ProQuest does not claim copyright in the individual underlying works.     Last updated - 2022-10-31 | RAYYAN-INCLUSION: {""Kayleigh""=>""Included""} | RAYYAN-INCLUSION: {""Kayleigh""=>""Included"", ""Corey""=>""Included""} | RAYYAN-LABELS: forest",,Social sciences;Biological sciences;Health and environmental sciences;Carbon storage;Plant functional trait;Residential land management;Urban ecology;Urban forest;Urban gradient;Environmental science;Urban planning;Urban forestry;0281:Urban Forestry;0999:Urban planning;0768:Environmental science,,
rayyan-420090931,San Francisco Recreation & Park Department Climate Action Plan: Repositioning to a Sustainable Parks & Open Space System,2013,,,ProQuest Dissertations and Theses,978-1-303-12237-8,,3563746,126,"Alvarez, Ana M. and Mazmanian, Daniel A. and Blanco, Hilda",https://lib-ezproxy.concordia.ca/login?qurl=https%3A%2F%2Fwww.proquest.com%2Fdissertations-theses%2Fsan-francisco-recreation-amp-park-department%2Fdocview%2F1400483196%2Fse-2%3Faccountid%3D10246,English,University of Southern California     PP  - United States -- California,Ann Arbor,,"Copyright - Database copyright ProQuest LLC; ProQuest does not claim copyright in the individual underlying works.     Last updated - 2022-11-01 | RAYYAN-INCLUSION: {""Corey""=>""Included""} | RAYYAN-INCLUSION: {""Corey""=>""Excluded""} | RAYYAN-LABELS: forest | RAYYAN-EXCLUSION-REASONS: not primary data",,Social sciences;Health and environmental sciences;Earth sciences;Action;Adaptation;California;Climate change;Open space;Parks;Planning;San Francisco Recreation &amp;Park Department;Sustainability;Urban environment;Public policy;Urban planning;Natural resource management;0999:Urban planning;0630:Public policy;0640:Sustainability;0404:Climate Change;0528:Natural Resource Management;San Francisco;Recreation,,
rayyan-420090932,"Towards a Greater Understanding of the Urban Carbon Cycle: Variations of Atmospheric CO<sub>2</sub> Fluxes Within Syracuse, New York, USA",2012,,,ProQuest Dissertations and Theses,9798790645280,,29057170,144,"Buckley, Shannon M. and Mitchell, Myron J. and Nowak, David and Zhang, K Max and Mao, Huiting and Heisler, Gordon",https://lib-ezproxy.concordia.ca/login?qurl=https%3A%2F%2Fwww.proquest.com%2Fdissertations-theses%2Ftowards-greater-understanding-urban-carbon-cycle%2Fdocview%2F2639777065%2Fse-2%3Faccountid%3D10246,English,State University of New York College of Environmental Science and Forestry     PP  - United States -- New York,Ann Arbor,,"Copyright - Database copyright ProQuest LLC; ProQuest does not claim copyright in the individual underlying works.     Last updated - 2022-03-27 | RAYYAN-INCLUSION: {""Corey""=>""Included""} | RAYYAN-INCLUSION: {""Corey""=>""Excluded""} | RAYYAN-LABELS: forest | RAYYAN-EXCLUSION-REASONS: excluded in sci lit",,Urban carbon cycle;Carbon dioxide flux;Syracuse;Atmospheric chemistry;Urban forestry;Atmospheric sciences;0281:Urban Forestry;0371:Atmospheric Chemistry;0725:Atmospheric sciences,,
rayyan-420090933,Ecosystem Services of Urban Amenity Greenspace and the Impact of Future Climate and Socio-Economic Change,2012,,,PQDT - UK & Ireland,9798352642207,,28976032,236,"Wallbank, Nicola Jane and James, Philip",https://lib-ezproxy.concordia.ca/login?qurl=https%3A%2F%2Fwww.proquest.com%2Fdissertations-theses%2Fecosystem-services-urban-amenity-greenspace%2Fdocview%2F2607290251%2Fse-2%3Faccountid%3D10246,English,University of Salford (United Kingdom)     PP  - England,Ann Arbor,,"Copyright - Database copyright ProQuest LLC; ProQuest does not claim copyright in the individual underlying works.     Last updated - 2022-10-12 | RAYYAN-INCLUSION: {""Corey""=>""Included""} | RAYYAN-INCLUSION: {""Corey""=>""Excluded""} | RAYYAN-LABELS: forest | RAYYAN-EXCLUSION-REASONS: not climate solution",,Brownfields;Outdoor air quality;Flowers & plants;Habitats;Climate change;Pesticides;Decision making;Botany;Ecology;0329:Ecology;0309:Botany;0404:Climate Change;Ecosystem,,
rayyan-420090934,Forest ecosystem response to environmental pressures along an urban-to-wildland gradient in southwestern Ohio,2012,,,ProQuest Dissertations and Theses,978-1-267-94392-7,,3554344,197,"Kolbe, Sarah E. and Miller, Arnold",https://lib-ezproxy.concordia.ca/login?qurl=https%3A%2F%2Fwww.proquest.com%2Fdissertations-theses%2Fforest-ecosystem-response-environmental-pressures%2Fdocview%2F1315766557%2Fse-2%3Faccountid%3D10246,English,University of Cincinnati     PP  - United States -- Ohio,Ann Arbor,,"Copyright - Database copyright ProQuest LLC; ProQuest does not claim copyright in the individual underlying works.     Last updated - 2022-10-31 | RAYYAN-INCLUSION: {""Corey""=>""Included""} | RAYYAN-INCLUSION: {""Corey""=>""Excluded""} | RAYYAN-LABELS: forest | RAYYAN-EXCLUSION-REASONS: not climate solution",,Biological sciences;Earth sciences;Carbon;Forest;Gradient analysis;Nitrogen;Soil;Urbanization;Ecology;Geology;Forestry;0372:Geology;0329:Ecology;0478:Forestry;Ohio;Ecosystem,,
rayyan-420090935,Assessment of Carbon Storage by Sacramento's Urban Forest,2012,,,ProQuest Dissertations and Theses,978-1-267-75827-9,,3544684,77,"Aguaron-Fuente, Elena and McPherson, Gregory",https://lib-ezproxy.concordia.ca/login?qurl=https%3A%2F%2Fwww.proquest.com%2Fdissertations-theses%2Fassessment-carbon-storage-sacramentos-urban%2Fdocview%2F1237154513%2Fse-2%3Faccountid%3D10246,English,"University of California, Davis     PP  - United States -- California",Ann Arbor,,"Copyright - Database copyright ProQuest LLC; ProQuest does not claim copyright in the individual underlying works.     Last updated - 2022-10-31 | RAYYAN-INCLUSION: {""Corey""=>""Included""} | RAYYAN-INCLUSION: {""Corey""=>""Excluded""} | RAYYAN-LABELS: forest | RAYYAN-EXCLUSION-REASONS: included in sci lit",,Biological sciences;Health and environmental sciences;Additionality;Allometric equations;Baseline;Carbon storage;Sequestration rates;Tree canopy cover targets;Forestry;Environmental science;0478:Forestry;0768:Environmental science,,
rayyan-420090936,Plant and atmospheric interactions in an urban ecosystem,2011,,,ProQuest Dissertations and Theses,978-1-124-94987-1,,3477881,145,"Djuricin, Sonja and Pataki, Diane E.",https://lib-ezproxy.concordia.ca/login?qurl=https%3A%2F%2Fwww.proquest.com%2Fdissertations-theses%2Fplant-atmospheric-interactions-urban-ecosystem%2Fdocview%2F901466583%2Fse-2%3Faccountid%3D10246,English,"University of California, Irvine     PP  - United States -- California",Ann Arbor,,"Copyright - Database copyright ProQuest LLC; ProQuest does not claim copyright in the individual underlying works.     Last updated - 2022-11-01 | RAYYAN-INCLUSION: {""Corey""=>""Included""} | RAYYAN-INCLUSION: {""Corey""=>""Excluded""} | RAYYAN-LABELS: forest | RAYYAN-EXCLUSION-REASONS: not climate solution",,Biological sciences;Carbon dioxide;Radiocarbon;Stable isotopes;Urban forest;Ecology;0329:Ecology,,
rayyan-420090937,The impact of trees on temporal variability in urban carbon and water budgets,2010,,,ProQuest Dissertations and Theses,978-1-124-16618-6,,3418364,173,"Peters, Emily Beth and McFadden, Joe P.",https://lib-ezproxy.concordia.ca/login?qurl=https%3A%2F%2Fwww.proquest.com%2Fdissertations-theses%2Fimpact-trees-on-temporal-variability-urban-carbon%2Fdocview%2F751024288%2Fse-2%3Faccountid%3D10246,English,University of Minnesota     PP  - United States -- Minnesota,Ann Arbor,,"Copyright - Database copyright ProQuest LLC; ProQuest does not claim copyright in the individual underlying works.     Last updated - 2022-10-31 | RAYYAN-INCLUSION: {""Kayleigh""=>""Included""} | RAYYAN-INCLUSION: {""Corey""=>""Excluded""} | RAYYAN-LABELS: forest | RAYYAN-EXCLUSION-REASONS: not climate solution",,Earth sciences;Biological sciences;Canopy photosynthesis;Carbon cycling;Evapotranspiration;Microclimates;Plant functional type;Water budget;Ecology;Biogeochemistry;0329:Ecology;0425:Biogeochemistry,,
rayyan-420090938,"The forgotten forest: Ecosystem structure, function, and services of forested verges along interstates in Louisville, KY",2010,,,ProQuest Dissertations and Theses,978-1-124-08811-2,,3415074,227,"Trammell, Tara L. E.",https://lib-ezproxy.concordia.ca/login?qurl=https%3A%2F%2Fwww.proquest.com%2Fdissertations-theses%2Fforgotten-forest-ecosystem-structure-function%2Fdocview%2F613775647%2Fse-2%3Faccountid%3D10246,English,University of Louisville     PP  - United States -- Kentucky,Ann Arbor,,"Copyright - Database copyright ProQuest LLC; ProQuest does not claim copyright in the individual underlying works.     Last updated - 2022-10-31 | RAYYAN-INCLUSION: {""Corey""=>""Included""} | RAYYAN-INCLUSION: {""Corey""=>""Included""} | RAYYAN-LABELS: forest",,Biological sciences;Amur honeysuckle;Decomposition;Ecosystem function;Ecosystem service;Lonicera maackii;Road ecology;Urban ecology;Ecology;Forestry;0329:Ecology;0478:Forestry;Trees,,
rayyan-420090939,Modelling Urban Ecosystem Services : Spatial Patterns and Implications for Aspects of Urban Design,2010,,,PQDT - UK & Ireland,,,28124576,,"Mears, Meghann",https://lib-ezproxy.concordia.ca/login?qurl=https%3A%2F%2Fwww.proquest.com%2Fdissertations-theses%2Fmodelling-urban-ecosystem-services-spatial%2Fdocview%2F2430651583%2Fse-2%3Faccountid%3D10246,English,University of Sheffield (United Kingdom)     PP  - England,Ann Arbor,,"Copyright - Database copyright ProQuest LLC; ProQuest does not claim copyright in the individual underlying works.     Analyte descriptor - Bibliographic data provided by EThOS, the British Library’s UK thesis service. https://ethos.bl.uk/OrderDetails.do?uin=uk.bl.ethos.805375     Last updated - 2022-01-10 | RAYYAN-INCLUSION: {""Corey""=>""Included""} | RAYYAN-INCLUSION: {""Corey""=>""Excluded""} | RAYYAN-LABELS: forest | RAYYAN-EXCLUSION-REASONS: not forest management",,805375;Urban planning;Ecosystems;0999:Urban planning,,
rayyan-420090940,Drought stress and recovery in green ash (<i>Fraxinus pennsylvanica</i> Marsh.),2009,,,ProQuest Dissertations and Theses,978-1-109-49996-4,,3385162,106,"Litus, Gregory and Klett, James",https://lib-ezproxy.concordia.ca/login?qurl=https%3A%2F%2Fwww.proquest.com%2Fdissertations-theses%2Fdrought-stress-recovery-green-ash-i-fraxinus%2Fdocview%2F304861740%2Fse-2%3Faccountid%3D10246,English,Colorado State University     PP  - United States -- Colorado,Ann Arbor,,"Copyright - Database copyright ProQuest LLC; ProQuest does not claim copyright in the individual underlying works.     Last updated - 2022-11-19 | RAYYAN-INCLUSION: {""Corey""=>""Included""} | RAYYAN-INCLUSION: {""Corey""=>""Excluded""} | RAYYAN-LABELS: forest | RAYYAN-EXCLUSION-REASONS: wrong outcome",,Biological sciences;Drought stress;Green ash;Irrigation;Photosynthesis;Water stress;Horticulture;0471:Horticulture,,
rayyan-420090941,Carbon storage in urban forests along the Colorado Front Range: An analysis of urban trees in carbon credit markets and the allometric relationships for determining urban forest biomass,2007,,,ProQuest Dissertations and Theses,978-0-549-20285-1,,3279529,132,"McHale, Melissa R. and Burke, Ingrid C.",https://lib-ezproxy.concordia.ca/login?qurl=https%3A%2F%2Fwww.proquest.com%2Fdissertations-theses%2Fcarbon-storage-urban-forests-along-colorado-front%2Fdocview%2F304861549%2Fse-2%3Faccountid%3D10246,English,Colorado State University     PP  - United States -- Colorado,Ann Arbor,,"Copyright - Database copyright ProQuest LLC; ProQuest does not claim copyright in the individual underlying works.     Last updated - 2022-11-19 | RAYYAN-INCLUSION: {""Corey""=>""Included""} | RAYYAN-INCLUSION: {""Corey""=>""Included""} | RAYYAN-LABELS: forest",,Earth sciences;Biological sciences;Allometric equation;Biomass;Carbon credit;Carbon storage;Colorado Front Range;Urban forests;Urbanization;Ecology;Biogeochemistry;0329:Ecology;0425:Biogeochemistry;Colorado;Trees,,
rayyan-420090942,Ecological effects of development in urban forests: The case of Hemlock Ravine Park in Nova Scotia,2005,,,ProQuest Dissertations and Theses,978-0-494-08583-7,,,119,"Mackenzie, Tracey S.",https://lib-ezproxy.concordia.ca/login?qurl=https%3A%2F%2Fwww.proquest.com%2Fdissertations-theses%2Fecological-effects-development-urban-forests-case%2Fdocview%2F305410391%2Fse-2%3Faccountid%3D10246,English,"Dalhousie University (Canada)     PP  - Canada -- Nova Scotia, CA",Ann Arbor,,"Copyright - Database copyright ProQuest LLC; ProQuest does not claim copyright in the individual underlying works.     Last updated - 2022-10-31 | RAYYAN-INCLUSION: {""Corey""=>""Included""} | RAYYAN-INCLUSION: {""Corey""=>""Excluded""} | RAYYAN-LABELS: forest | RAYYAN-EXCLUSION-REASONS: inaccessible",,"Health and environmental sciences;Social sciences;Biological sciences;Environmental science;Ecology;Area planning & development;0341:Area Planning and Development;0329:Ecology;0768:Environmental science;Niemann-Pick Disease, Type C;Trees;Nova Scotia",,
rayyan-420090943,Estimation of urban tree carbon storage using multispectral and multitemporal imagery,2003,,,ProQuest Dissertations and Theses,978-0-496-46878-2,,3099286,110,"Myeong, Soojeong and Hopkins, Paul F.",https://lib-ezproxy.concordia.ca/login?qurl=https%3A%2F%2Fwww.proquest.com%2Fdissertations-theses%2Festimation-urban-tree-carbon-storage-using%2Fdocview%2F288109810%2Fse-2%3Faccountid%3D10246,English,State University of New York College of Environmental Science and Forestry     PP  - United States -- New York,Ann Arbor,,"Copyright - Database copyright ProQuest LLC; ProQuest does not claim copyright in the individual underlying works.     Last updated - 2022-10-28 | RAYYAN-INCLUSION: {""Corey""=>""Included""} | RAYYAN-INCLUSION: {""Corey""=>""Excluded""} | RAYYAN-LABELS: forest | RAYYAN-EXCLUSION-REASONS: excluded in sci lit,not forest management",,Health and environmental sciences;Applied sciences;Earth sciences;Carbon storage;Trees;Urban;Environmental science;Remote sensing;Biogeochemistry;0799:Remote sensing;0768:Environmental science;0425:Biogeochemistry;Imagery (Psychotherapy),,
rayyan-420090944,The environmental benefits of various urban design scenarios differentiated by their land-cover,2002,,,ProQuest Dissertations and Theses,978-0-612-71809-8,,,126,"McCarty, Donald James and Perkins, Nathan H.",https://lib-ezproxy.concordia.ca/login?qurl=https%3A%2F%2Fwww.proquest.com%2Fdissertations-theses%2Fenvironmental-benefits-various-urban-design%2Fdocview%2F305591116%2Fse-2%3Faccountid%3D10246,English,"University of Guelph (Canada)     PP  - Canada -- Ontario, CA",Ann Arbor,,"Copyright - Database copyright ProQuest LLC; ProQuest does not claim copyright in the individual underlying works.     Last updated - 2022-11-01 | RAYYAN-INCLUSION: {""Corey""=>""Included""} | RAYYAN-INCLUSION: {""Corey""=>""Excluded""} | RAYYAN-LABELS: forest | RAYYAN-EXCLUSION-REASONS: inaccessible",,Health and environmental sciences;Communication and the arts;Social sciences;Environmental science;Area planning & development;Landscaping;Landscape architecture;0341:Area Planning and Development;0768:Environmental science;0390:Landscape architecture,,
rayyan-420090945,Impacts of land use on carbon storage and assimilation rates,2000,,,ProQuest Dissertations and Theses,978-0-612-48596-9,,,349,"Ames, Susan Eveline and Laukulich, L. M.",https://lib-ezproxy.concordia.ca/login?qurl=https%3A%2F%2Fwww.proquest.com%2Fdissertations-theses%2Fimpacts-land-use-on-carbon-storage-assimilation%2Fdocview%2F304673643%2Fse-2%3Faccountid%3D10246,English,"The University of British Columbia (Canada)     PP  - Canada -- British Columbia, CA",Ann Arbor,,"Copyright - Database copyright ProQuest LLC; ProQuest does not claim copyright in the individual underlying works.     Last updated - 2022-10-29 | RAYYAN-INCLUSION: {""Corey""=>""Included""} | RAYYAN-INCLUSION: {""Corey""=>""Excluded""} | RAYYAN-LABELS: forest | RAYYAN-EXCLUSION-REASONS: inaccessible",,Health and environmental sciences;Earth sciences;Biological sciences;Carbon storage;Global warming;Land use;Forestry;Environmental science;Biogeochemistry;0478:Forestry;0768:Environmental science;0425:Biogeochemistry,,
rayyan-420090946,Landscape carbon budgets and planning guidelines for greenspaces in urban residential lands,1993,,,ProQuest Dissertations and Theses,979-8-208-56302-1,,9426562,236,"Jo, Hyun-Kil and Wilkin, Donovan C.",https://lib-ezproxy.concordia.ca/login?qurl=https%3A%2F%2Fwww.proquest.com%2Fdissertations-theses%2Flandscape-carbon-budgets-planning-guidelines%2Fdocview%2F304033269%2Fse-2%3Faccountid%3D10246,English,The University of Arizona     PP  - United States -- Arizona,Ann Arbor,,"Copyright - Database copyright ProQuest LLC; ProQuest does not claim copyright in the individual underlying works.     Last updated - 2022-10-29 | RAYYAN-INCLUSION: {""Corey""=>""Included""} | RAYYAN-INCLUSION: {""Corey""=>""Excluded""} | RAYYAN-LABELS: forest | RAYYAN-EXCLUSION-REASONS: included in sci lit",,Social sciences;Biological sciences;atmospheric carbon;Area planning & development;Ecology;0341:Area Planning and Development;0329:Ecology,,
rayyan-420090947,"Urban forest development and structure: Analysis of Oakland, California",1991,,,ProQuest Dissertations and Theses,979-8-207-68658-5,,9228794,242,"Nowak, David John and McBride, Joe R.",https://lib-ezproxy.concordia.ca/login?qurl=https%3A%2F%2Fwww.proquest.com%2Fdissertations-theses%2Furban-forest-development-structure-analysis%2Fdocview%2F303914893%2Fse-2%3Faccountid%3D10246,English,"University of California, Berkeley     PP  - United States -- California",Ann Arbor,,"Copyright - Database copyright ProQuest LLC; ProQuest does not claim copyright in the individual underlying works.     Last updated - 2022-10-29 | RAYYAN-INCLUSION: {""Corey""=>""Included""} | RAYYAN-INCLUSION: {""Kayleigh""=>""Included"", ""Corey""=>""Included""} | RAYYAN-LABELS: forest",,Social sciences;Biological sciences;Forestry;Ecology;Area planning & development;0341:Area Planning and Development;0329:Ecology;0478:Forestry;California;Trees,,
